source_id,title,current_path,path_at_commit,source_kind,file_format,tracked_state,branch_or_ref,commit_hash,git_first_seen,git_last_changed,filesystem_modified_time,historical_date_claim,date_confidence,sha256,size_bytes,version_label,previous_version,next_version,related_files,confidentiality,contains_personal_data,full_read_status,full_read_date,readable,access_problem,historical_relevance,can_prove,cannot_prove,candidate_topics,reviewer_notes
SRC-001,BossOCR,docs/README.md,docs/README.md,readme,md,tracked_current,main,c36d6e7549e5098a4381861de40b271e718d5f20,2026-06-30T21:58:23+08:00,2026-07-12T22:38:48+08:00,2026-07-12T14:34:16.974Z,,unknown,83c663be64f2e79b001292a9609ab37837cd47683f5e1ba28e125673c20194e6,28131,v1.2 current,,,[],internal,false,fully_read,2026-07-25,true,,critical,"[""该版本面向用户声明的能力、用法、约束与支持平台""]","[""代码一定符合文档"",""功能首次提出时间"",""远程发布对象状态""]","[""Windows"",""v1.2"",""usage"",""architecture""]",当前 v1.2 用户与维护入口，汇总 Windows Edge、OCR、规则语法、收藏/转发、校准模板、构建、隐私和限制。
SRC-002,关键词连续误触发问题调查报告（修订版）,docs/INVESTIGATION_REPORT.md,docs/INVESTIGATION_REPORT.md,investigation_report,md,tracked_current,main,8082d04cf408212560051bfacfa7588531512f69,2026-06-30T22:54:58+08:00,2026-07-12T22:26:19+08:00,2026-06-30T15:41:29.550Z,2026-06-30,confirmed,53085d45662374ffe92394bf12e65d15b7a8772c3e9462bba334cbe017103347,10183,,,,[],restricted,true,fully_read,2026-07-25,true,,critical,"[""该 investigation_report 资料直接记录的项目事实""]","[""未由该资料直接记录的动机、实现或发布事实""]","[""OCR"",""clipboard"",""false-positive"",""P0""]",复核连续关键词误触发事故，确认 Ctrl+A/Ctrl+C 复制了详情覆盖层与底层推荐列表的混合全文，并纠正旧版对翻页失败的过强推断。
SRC-003,RapidOCR 简历关键词检测实施方案,docs/RAPIDOCR_IMPLEMENTATION_PLAN.md,docs/RAPIDOCR_IMPLEMENTATION_PLAN.md,technical_plan,md,tracked_current,main,8082d04cf408212560051bfacfa7588531512f69,2026-06-30T22:54:58+08:00,2026-07-12T22:26:19+08:00,2026-06-30T15:41:29.552Z,2026-06-30,confirmed,ce8da723f83d831837cf8af9a75c8d9490f4cdb9e579478e2bf1eb693e5fe4a0,14115,,,,[],internal,false,fully_read,2026-07-25,true,,high,"[""当时记录的目标、非目标、设计意图、风险与计划验收条件""]","[""最终代码是否按计划实现"",""自动化或人工验收是否通过"",""是否已进入发布""]","[""RapidOCR"",""privacy"",""exact-match"",""fail-closed""]",提出本地 RapidOCR 替代全页剪贴板方案，冻结局部截图、精确匹配、固定最多 8 屏、二次确认和失败关闭原则。
SRC-004,RapidOCR 关键词检测改造详细实施文档,docs/RAPIDOCR_DETAILED_EXECUTION_GUIDE.md,docs/RAPIDOCR_DETAILED_EXECUTION_GUIDE.md,test_guide,md,tracked_current,main,8082d04cf408212560051bfacfa7588531512f69,2026-06-30T22:54:58+08:00,2026-07-12T22:26:19+08:00,2026-06-30T15:41:29.551Z,,unknown,a4b0680c1781f00c47996502252d63d84392128d2000f6cb5cbc81b58d9a8527,17952,,,,[],internal,false,partially_read,2026-07-25,true,,medium,"[""该 test_guide 资料直接记录的项目事实""]","[""未由该资料直接记录的动机、实现或发布事实""]","[""RapidOCR"",""execution-guide""]",已登记来源、定位、读取状态与可证明边界；正式需求抽取时需按主题与相邻材料交叉验证。
SRC-005,Issue #1 BossOCR minimal changes v1.0,docs/Issue-1-BossOCR-release-notes.md,docs/Issue-1-BossOCR-release-notes.md,release_notes,md,tracked_current,main,8082d04cf408212560051bfacfa7588531512f69,2026-07-01T13:57:53+08:00,2026-07-12T22:26:19+08:00,2026-07-01T13:42:42.876Z,,unknown,602c242c8eacec34c5a5e314f700bd02bf2fa2afef484e020d5188d19cc3e13d,2508,Issue #1 v1.0,,,[],internal,false,fully_read,2026-07-25,true,,high,"[""发布说明声称的功能范围、使用边界、资产名称与校验信息""]","[""远程 Release 当前是否存在且附件是否仍一致"",""代码真实执行细节""]","[""Issue-1"",""Windows"",""release""]",记录 Issue #1 最小发布范围、迁移说明、64 项测试声明和 Windows x64 使用限制。
SRC-006,Issue-Action-Mode-Favorite-Forward Acceptance Report,docs/Issue-Action-Mode-Favorite-Forward-acceptance-report.md,docs/Issue-Action-Mode-Favorite-Forward-acceptance-report.md,acceptance_report,md,tracked_current,main,8082d04cf408212560051bfacfa7588531512f69,2026-07-10T00:42:04+08:00,2026-07-12T22:26:19+08:00,2026-07-09T16:20:24.732Z,,unknown,2a9edda1f2b3d8dd73e1acb53e3689b4861181733ad5e7260cfd3c10846e8f8c,12200,,,,"[""PRD-and-Codex-Prompt-Favorite-Action-Mode.md"",""docs/TID-Action-Mode-Favorite-Forward.md""]",internal,false,fully_read,2026-07-25,true,,high,"[""报告所声称的验收结论、测试命令/数量、提交与残余风险""]","[""报告之外的实际运行行为"",""未执行人工测试的结果"",""远程发布对象当前状态""]","[""favorite"",""forward"",""action_mode""]",确认收藏/转发模式、入口贯通、运行期收藏校准、0.5 秒等待和 202 项全量回归；人工冒烟仍建议执行。
SRC-007,校准模板模块验收报告,docs/Issue-calibration-template-module-acceptance-report.md,docs/Issue-calibration-template-module-acceptance-report.md,acceptance_report,md,tracked_current,main,8082d04cf408212560051bfacfa7588531512f69,2026-07-10T08:53:17+08:00,2026-07-12T22:26:19+08:00,2026-07-10T00:50:01.445Z,2026-07-10,confirmed,ca4ab95829c97f116a2446b14d8100de6cc65f37ae27f1aa41e85c21e3edebf2,6495,,,,"[""PRD-calibration-template-module.md"",""TID-calibration-template-module.md"",""docs/calibration-template-smoke-test.md""]",internal,false,fully_read,2026-07-25,true,,high,"[""报告所声称的验收结论、测试命令/数量、提交与残余风险""]","[""报告之外的实际运行行为"",""未执行人工测试的结果"",""远程发布对象当前状态""]","[""calibration-profile"",""v1.2""]",确认模板数据层、步骤层、主程序注入和 263 项测试通过；真实 Boss 页面 12 项冒烟仍未执行。
SRC-008,[Hotfix] P0 验收报告：转发流程结束后执行两次焦点恢复点击,docs/Issue-Hotfix-double-focus-restore-acceptance-report.md,docs/Issue-Hotfix-double-focus-restore-acceptance-report.md,acceptance_report,md,tracked_current,main,8082d04cf408212560051bfacfa7588531512f69,2026-07-02T23:18:42+08:00,2026-07-12T22:26:19+08:00,2026-07-02T16:00:45.578Z,,unknown,c7127b925762b79dc713af7350ac78c03b1e91502a65546ae55416bdd02a3ee5,8237,,,,[],internal,false,fully_read,2026-07-25,true,,high,"[""报告所声称的验收结论、测试命令/数量、提交与残余风险""]","[""报告之外的实际运行行为"",""未执行人工测试的结果"",""远程发布对象当前状态""]","[""P0"",""focus-restore"",""hotfix""]",确认转发所有退出路径执行两次独立焦点恢复，110 项测试通过，并建议最小真实页面验证。
SRC-009,[Next-1] 验收报告：转发流程点击区域启动前校准,docs/Issue-Next-1-focus-restore-calibration-acceptance-report.md,docs/Issue-Next-1-focus-restore-calibration-acceptance-report.md,acceptance_report,md,tracked_current,main,8082d04cf408212560051bfacfa7588531512f69,2026-07-01T22:24:52+08:00,2026-07-12T22:26:19+08:00,2026-07-01T14:23:57.009Z,,unknown,1455111960f46af06930fca9667fbf3e52063e8eb83e341e6b7650d2a1ede7b7,10600,,,,"[""docs/tid/next/Issue-Next-1-focus-restore-calibration-TID-V1.0.md""]",internal,false,fully_read,2026-07-25,true,,high,"[""报告所声称的验收结论、测试命令/数量、提交与残余风险""]","[""报告之外的实际运行行为"",""未执行人工测试的结果"",""远程发布对象当前状态""]","[""Next-1"",""focus-restore""]",确认 Next-1 五个 Change、81 项测试和默认/运行期区域行为；真实 Windows Edge 验证未执行。
SRC-010,[Next-2] 验收报告：关键词规则新增 not 排除逻辑,docs/Issue-Next-2-keyword-not-rule-acceptance-report.md,docs/Issue-Next-2-keyword-not-rule-acceptance-report.md,acceptance_report,md,tracked_current,main,8082d04cf408212560051bfacfa7588531512f69,2026-07-01T22:58:17+08:00,2026-07-12T22:26:19+08:00,2026-07-01T14:57:32.371Z,,unknown,9d5aed6b4b1667d49712b10922eefd4390924245883f1e8147f731113e86c832,10854,,,,"[""docs/tid/next/Issue-Next-2-keyword-not-rule-TID-V1.0.md""]",internal,false,fully_read,2026-07-25,true,,high,"[""报告所声称的验收结论、测试命令/数量、提交与残余风险""]","[""报告之外的实际运行行为"",""未执行人工测试的结果"",""远程发布对象当前状态""]","[""Next-2"",""not"",""keyword-rule""]",确认 not 解析、匹配、完整规则二次确认和 97 项测试；真实 OCR 样本未执行。
SRC-011,[Next-3] 验收报告：转发流程全部关键点击点启动前校准,docs/Issue-Next-3-forward-click-calibration-acceptance-report.md,docs/Issue-Next-3-forward-click-calibration-acceptance-report.md,acceptance_report,md,tracked_current,main,8082d04cf408212560051bfacfa7588531512f69,2026-07-02T09:04:10+08:00,2026-07-12T22:26:19+08:00,2026-07-02T01:03:58.243Z,,unknown,a7dc744574859a4b520545d6aaf9fab8301aa10e06587c7c292b63c24ccddc9c,15074,,,,"[""docs/tid/next/Issue-Next-3-forward-click-calibration-TID-V1.0.md""]",internal,false,fully_read,2026-07-25,true,,high,"[""报告所声称的验收结论、测试命令/数量、提交与残余风险""]","[""报告之外的实际运行行为"",""未执行人工测试的结果"",""远程发布对象当前状态""]","[""Next-3"",""forward-calibration""]",确认五区域原子校准、运行期接入和 109 项测试；真实浏览器与邮件验证未在本次执行。
SRC-012,[Next-4] 关键词规则支持 `any(...)` 分组表达式验收报告,docs/Issue-Next-4-keyword-any-group-acceptance-report.md,docs/Issue-Next-4-keyword-any-group-acceptance-report.md,acceptance_report,md,tracked_current,main,8082d04cf408212560051bfacfa7588531512f69,2026-07-03T01:14:31+08:00,2026-07-12T22:26:19+08:00,2026-07-02T16:55:52.259Z,,unknown,aac48bf96c71c967624de6b43795519329fe934be332035808653fad9f6f3cd7,5662,,,,"[""docs/tid/next/Issue-Next-4-keyword-any-group-TID-V1.0.md"",""docs/tid/next/Issue-Next-4-keyword-any-group-TID-V1.1.md""]",internal,false,fully_read,2026-07-25,true,,high,"[""报告所声称的验收结论、测试命令/数量、提交与残余风险""]","[""报告之外的实际运行行为"",""未执行人工测试的结果"",""远程发布对象当前状态""]","[""Next-4"",""any"",""keyword-rule""]",确认 any parser/matcher 核心语义；核心 62 项测试通过，但全量 discover 曾被 KeyboardInterrupt 中断。
SRC-013,[Next-5] 启动及批次刷新后自动应用「最近没看过」筛选并点击首位候选人验收报告,docs/Issue-Next-5-batch-filter-first-candidate-acceptance-report.md,docs/Issue-Next-5-batch-filter-first-candidate-acceptance-report.md,acceptance_report,md,tracked_current,main,8082d04cf408212560051bfacfa7588531512f69,2026-07-03T21:54:26+08:00,2026-07-12T22:26:19+08:00,2026-07-03T13:52:30.865Z,,unknown,bb734e031b52e6b23eb7cb86f10478963c4e7e8a27b0a3a415f29f4359a77a99,5884,,,,"[""docs/tid/next/Issue-Next-5-batch-filter-first-candidate-TID-V1.0.md"",""docs/tid/next/Issue-Next-5-batch-filter-first-candidate-TID-V1.1.md""]",internal,false,fully_read,2026-07-25,true,,high,"[""报告所声称的验收结论、测试命令/数量、提交与残余风险""]","[""报告之外的实际运行行为"",""未执行人工测试的结果"",""远程发布对象当前状态""]","[""Next-5"",""batch-filter"",""beta""]",确认四区域筛选归位、beta 包和人工 GUI 冒烟，并记录为 beta 而非 stable release。
SRC-014,[Next-6][P2] 验收报告：优化鼠标移动轨迹——贝塞尔路径、途中抖动与慢-快-慢三段变速,docs/Issue-Next-6-human-mouse-motion-acceptance-report.md,docs/Issue-Next-6-human-mouse-motion-acceptance-report.md,acceptance_report,md,tracked_current,main,8082d04cf408212560051bfacfa7588531512f69,2026-07-03T22:41:38+08:00,2026-07-12T22:26:19+08:00,2026-07-25T11:47:52.342Z,,unknown,80c9c71c09ee56a1c1ea1f338cec2649a736cefea50e6cf64f754b7003770791,8289,,,,"[""docs/tid/next/Issue-Next-6-human-mouse-motion-TID-V1.0.md""]",internal,false,fully_read,2026-07-25,true,,high,"[""报告所声称的验收结论、测试命令/数量、提交与残余风险""]","[""报告之外的实际运行行为"",""未执行人工测试的结果"",""远程发布对象当前状态""]","[""Next-6"",""bezier"",""mouse""]",确认贝塞尔移动、回退参数、165 项测试和范围审计；未执行真实 GUI。
SRC-015,[Next-7] WindMouse 可观察鼠标移动验收报告,docs/Issue-Next-7-windmouse-observable-motion-acceptance-report.md,docs/Issue-Next-7-windmouse-observable-motion-acceptance-report.md,acceptance_report,md,tracked_current,main,8082d04cf408212560051bfacfa7588531512f69,2026-07-10T00:42:04+08:00,2026-07-12T22:26:19+08:00,2026-07-07T16:05:50.870Z,,unknown,d340644799a496df2461afc4c318c30ed419385cb8d3273d102b0e46688de85d,6429,,,,[],internal,false,fully_read,2026-07-25,true,,high,"[""报告所声称的验收结论、测试命令/数量、提交与残余风险""]","[""报告之外的实际运行行为"",""未执行人工测试的结果"",""远程发布对象当前状态""]","[""Next-7"",""WindMouse"",""build""]",确认 WindMouse 行为、175 项测试、PyInstaller one-dir 构建和许可证收集；实机观感待发布前人工验证。
SRC-016,通用校准模板冒烟验收说明,docs/calibration-template-smoke-test.md,docs/calibration-template-smoke-test.md,smoke_test,md,tracked_current,main,c3840b8f6fbf50bf1f763c121b80199f2a3a7656,2026-07-10T08:53:17+08:00,2026-07-10T08:53:17+08:00,2026-07-10T00:45:56.911Z,,unknown,ab220902ec3bd83b7bf1318ae138d13aa79a663e827f342103804a15eaa6b227,4209,,,,"[""PRD-calibration-template-module.md"",""TID-calibration-template-module.md"",""docs/Issue-calibration-template-module-acceptance-report.md""]",internal,false,fully_read,2026-07-25,true,,high,"[""该 smoke_test 资料直接记录的项目事实""]","[""未由该资料直接记录的动机、实现或发布事实""]","[""calibration-profile"",""manual-smoke""]",给出模板模块自动化覆盖、人工冒烟、非交互错误处理和打包边界清单。
SRC-017,TID-Action-Mode-Favorite-Forward,docs/TID-Action-Mode-Favorite-Forward.md,docs/TID-Action-Mode-Favorite-Forward.md,tid,md,tracked_current,main,8082d04cf408212560051bfacfa7588531512f69,2026-07-10T00:42:04+08:00,2026-07-12T22:26:19+08:00,2026-07-09T15:45:44.607Z,,unknown,0a6119df05f8ff220f110d9357b9b00b78f47ad684e4c0f6b0ea7f0396c19f6f,23186,,,,"[""PRD-and-Codex-Prompt-Favorite-Action-Mode.md"",""docs/Issue-Action-Mode-Favorite-Forward-acceptance-report.md""]",internal,false,fully_read,2026-07-25,true,,high,"[""当时记录的目标、非目标、设计意图、风险与计划验收条件""]","[""最终代码是否按计划实现"",""自动化或人工验收是否通过"",""是否已进入发布""]","[""favorite"",""forward"",""action_mode""]",结合现有代码细化 action_mode 输入、CLI 兼容、运行期收藏校准、互斥分发和测试拆分。
SRC-018,Windows WindMouse 可观察鼠标移动 TID,docs/TID-Windows-WindMouse-Observable-Motion.md,docs/TID-Windows-WindMouse-Observable-Motion.md,tid,md,tracked_current,main,90365ca33321d90ebd1f734bd6bd237ba8cb7c94,2026-07-10T00:42:04+08:00,2026-07-10T00:42:04+08:00,2026-07-07T16:06:50.895Z,,unknown,c372307921e9bedca2947a25f8191f5129976d7fc2d9d47e56ead7bc02ffe774,5442,,,,[],internal,false,fully_read,2026-07-25,true,,high,"[""当时记录的目标、非目标、设计意图、风险与计划验收条件""]","[""最终代码是否按计划实现"",""自动化或人工验收是否通过"",""是否已进入发布""]","[""WindMouse"",""Windows"",""license""]",设计 WindMouse 1.0.2 两段移动、稳定收尾、贝塞尔回退、精确终点、打包收集和 GPL 边界。
SRC-019,BossOCR Windows Stable v1.1,docs/windows-stable-release.md,docs/windows-stable-release.md,release_notes,md,tracked_current,main,8082d04cf408212560051bfacfa7588531512f69,2026-07-02T22:38:26+08:00,2026-07-12T22:26:19+08:00,2026-07-02T16:00:45.580Z,,unknown,f015dc2f3b8098013e56aec58d20044da36ce2896de1b10f96b0e0788d93cc3c,5621,Windows Stable v1.1,,,[],internal,false,fully_read,2026-07-25,true,,high,"[""发布说明声称的功能范围、使用边界、资产名称与校验信息""]","[""远程 Release 当前是否存在且附件是否仍一致"",""代码真实执行细节""]","[""Windows"",""v1.1"",""release""]",记录 Windows Stable v1.1 功能、110 项测试、GUI 冒烟、单候选人真实转发验证和发布 SHA。
SRC-020,BossOCR Windows Edge Release Notes - 2026-07-02,docs/releases/windows-edge-release-notes-2026-07-02.md,docs/releases/windows-edge-release-notes-2026-07-02.md,release_notes,md,ignored,main,,,,2026-07-02T15:37:01.792Z,2026-07-02,confirmed,8734e551c13a40c707b08e4f7bf18c98f3362006e6a82c415023ebf7708fe1f1,4111,,,,[],internal,false,fully_read,2026-07-25,true,,high,"[""发布说明声称的功能范围、使用边界、资产名称与校验信息""]","[""远程 Release 当前是否存在且附件是否仍一致"",""代码真实执行细节""]","[""Windows"",""release"",""2026-07-02""]",记录 2026-07-02 Windows Edge 发布范围、人工验证、资产大小与 SHA，以及后续发布步骤。
SRC-021,BossOCR Windows Stable v1.2,docs/releases/windows-stable-v1.2.md,docs/releases/windows-stable-v1.2.md,release_notes,md,tracked_current,main,c36d6e7549e5098a4381861de40b271e718d5f20,2026-07-12T22:38:48+08:00,2026-07-12T22:38:48+08:00,2026-07-12T14:34:18.119Z,,unknown,3a75c4bd4cf49019bc2f21498c06278aa41e1aedffb3b975d47671a43e55b765,1563,Windows Stable v1.2,,,"[""PRD-calibration-template-module.md"",""TID-calibration-template-module.md"",""docs/Issue-calibration-template-module-acceptance-report.md"",""docs/calibration-template-smoke-test.md""]",internal,false,fully_read,2026-07-25,true,,high,"[""发布说明声称的功能范围、使用边界、资产名称与校验信息""]","[""远程 Release 当前是否存在且附件是否仍一致"",""代码真实执行细节""]","[""Windows"",""v1.2"",""calibration-profile""]",记录 v1.2 校准模板能力、兼容边界、人工 Windows 冒烟和发布文件名。
SRC-022,BossOCR Issue-Next TID 索引,docs/tid/next/README.md,docs/tid/next/README.md,documentation_index,md,untracked,main,,,,2026-07-25T11:47:29.244Z,,unknown,911039ee06307065d12a103969891489c1bf4ecfa812dec064a13080df3083f4,2759,,,,[],internal,false,fully_read,2026-07-25,true,,low,"[""该 documentation_index 资料直接记录的项目事实""]","[""未由该资料直接记录的动机、实现或发布事实""]","[""TID"",""index""]",已登记来源、定位、读取状态与可证明边界；正式需求抽取时需按主题与相邻材料交叉验证。
SRC-023,BossOCR PRD：新增收藏处理模式与 Codex TID 生成提示词,PRD-and-Codex-Prompt-Favorite-Action-Mode.md,PRD-and-Codex-Prompt-Favorite-Action-Mode.md,prd,md,ignored,main,,,,2026-07-09T15:28:12.370Z,,unknown,5ea17ebea1ac8ff3587c0dc3de25a2e1ef0d2752f95d7c1cf97547d5995f4007,14608,,,,"[""docs/TID-Action-Mode-Favorite-Forward.md"",""docs/Issue-Action-Mode-Favorite-Forward-acceptance-report.md""]",internal,false,fully_read,2026-07-25,true,,high,"[""当时记录的目标、非目标、设计意图、风险与计划验收条件""]","[""最终代码是否按计划实现"",""自动化或人工验收是否通过"",""是否已进入发布""]","[""favorite"",""forward"",""action_mode""]",提出互斥 favorite/forward action_mode、收藏按钮区域校准、中间 60% 落点和保留原转发链路。
SRC-024,PRD-calibration-template-module,PRD-calibration-template-module.md,PRD-calibration-template-module.md,prd,md,ignored,main,,,,2026-07-09T16:58:56.788Z,,unknown,bfc32dfb053c99c421cf778f6ad5fce404df84217cff6c8251108cb5262f5727,10533,,,,"[""TID-calibration-template-module.md"",""docs/Issue-calibration-template-module-acceptance-report.md"",""docs/calibration-template-smoke-test.md""]",internal,false,fully_read,2026-07-25,true,,high,"[""当时记录的目标、非目标、设计意图、风险与计划验收条件""]","[""最终代码是否按计划实现"",""自动化或人工验收是否通过"",""是否已进入发布""]","[""calibration-profile"",""persistence""]",定义通用、跨动作模式的 11 区域校准模板、现有字段复用、旧手工流程保留和模板异常回退。
SRC-025,TID-calibration-template-module,TID-calibration-template-module.md,TID-calibration-template-module.md,tid,md,ignored,main,,,,2026-07-09T23:58:02.552Z,,unknown,bd6856a045e782bb318460e6a8875c039e9b70479e7d0dcb888566107f6805d6,25790,,,,"[""PRD-calibration-template-module.md"",""docs/Issue-calibration-template-module-acceptance-report.md"",""docs/calibration-template-smoke-test.md""]",internal,false,fully_read,2026-07-25,true,,high,"[""当时记录的目标、非目标、设计意图、风险与计划验收条件""]","[""最终代码是否按计划实现"",""自动化或人工验收是否通过"",""是否已进入发布""]","[""calibration-profile"",""JSON"",""registry""]",设计多文件 JSON 模板、步骤注册表、独立生成入口、主程序注入、非交互加载和 9 个实施 Change。
SRC-026,Windows RapidOCR 接入与验证报告,WINDOWS_OCR_IMPLEMENTATION_REPORT.md,WINDOWS_OCR_IMPLEMENTATION_REPORT.md,implementation_report,md,ignored,main,,,,2026-07-01T00:32:51.407Z,2026-07-01,confirmed,daf59e8974bffb36186fe453fc4ffad281d5098fe14d628d0fed2ee862c33174,7695,,,,[],internal,false,fully_read,2026-07-25,true,,critical,"[""报告所声称的实现范围、环境、测试结果和未完成边界""]","[""原始业务动机的完整讨论"",""未执行的实机验证结果"",""正式发布状态""]","[""Windows"",""RapidOCR"",""DPI""]",记录 Windows RapidOCR 接入、DPI 拖框、真实静态图推理、29 项测试与尚未完成的真实 BOSS 页面核对。
SRC-027,Windows 环境初始化与测试报告,WINDOWS_SETUP_REPORT.md,WINDOWS_SETUP_REPORT.md,environment_setup_report,md,ignored,main,,,,2026-07-01T00:32:51.407Z,2026-06-30,confirmed,a0a8b6d3dcfa4fc86d74bd83455885ed8df2569f5856ee6af1a2d874c44fd2e0,4607,,,,[],internal,false,fully_read,2026-07-25,true,,high,"[""报告所声称的环境、依赖、导入和测试结果""]","[""产品功能已完整实现"",""真实业务页面已验收"",""正式发布状态""]","[""Windows"",""environment"",""RapidOCR""]",记录 Windows 环境初始化、依赖版本、13 项测试与真实拖框/DPI 尚待验证的边界。
SRC-028,BossOCR Windows 正式版 v1.0 发布前基线,Windows-current-baseline-before-official-v1.0.md,Windows-current-baseline-before-official-v1.0.md,baseline_handoff_document,md,ignored,main,,,,2026-07-03T14:51:35.388Z,2026-07-03,confirmed,6bfeb9b6e2783a64edc6f6fb95e4b6fb3a9568d528ec53cb876473636292445d,6457,Windows official v1.0 candidate,,,[],internal,false,fully_read,2026-07-25,true,,high,"[""文档声称的基线 commit、功能范围、测试与冻结边界""]","[""远程分支/Release 当前状态"",""文档之后发生的变更""]","[""Windows"",""baseline"",""v1.0""]",冻结 2026-07-03 Windows 正式版候选基线，汇总 Issue #1、Next-1 至 Next-6、P0 hotfix、测试和发布前门槛。
SRC-029,[Next-1] TID V1.0：转发流程点击区域启动前校准,docs/tid/next/Issue-Next-1-focus-restore-calibration-TID-V1.0.md,docs/tid/next/Issue-Next-1-focus-restore-calibration-TID-V1.0.md,tid,md,untracked,main,,,,2026-07-01T14:04:41.955Z,,unknown,caa35e235fe8331e592496ab667617c6c3b88e0518b0e73164b7676be5883ac3,13558,V1.0,,,"[""docs/Issue-Next-1-focus-restore-calibration-acceptance-report.md""]",internal,false,fully_read,2026-07-25,true,,critical,"[""当时记录的目标、非目标、设计意图、风险与计划验收条件""]","[""最终代码是否按计划实现"",""自动化或人工验收是否通过"",""是否已进入发布""]","[""Next-1""]",设计运行期焦点恢复区域校准，取消或失败回退默认区域，且所有转发退出路径统一使用区域内精确落点。
SRC-030,[Next-2] TID V1.0：关键词规则新增 not 排除逻辑,docs/tid/next/Issue-Next-2-keyword-not-rule-TID-V1.0.md,docs/tid/next/Issue-Next-2-keyword-not-rule-TID-V1.0.md,tid,md,untracked,main,,,,2026-07-01T14:36:09.368Z,,unknown,7e34b32d97d5d6ed72005fac2f917ac3ac869ed35bc56c2ce06ea78cd83ea55f,13687,V1.0,,,"[""docs/Issue-Next-2-keyword-not-rule-acceptance-report.md""]",internal,false,fully_read,2026-07-25,true,,critical,"[""当时记录的目标、非目标、设计意图、风险与计划验收条件""]","[""最终代码是否按计划实现"",""自动化或人工验收是否通过"",""是否已进入发布""]","[""Next-2""]",设计 not 原子、not > and > or 优先级、每个 OR 分支必须含正向条件和完整规则 OCR 二次确认。
SRC-031,[Next-3] TID V1.0：转发流程全部关键点击点启动前校准,docs/tid/next/Issue-Next-3-forward-click-calibration-TID-V1.0.md,docs/tid/next/Issue-Next-3-forward-click-calibration-TID-V1.0.md,tid,md,untracked,main,,,,2026-07-02T00:21:29.658Z,,unknown,b2dc920608551df785ffad2598f39a685dce55983eb9b1fb500acffe67df3db9,25029,V1.0,,,"[""docs/Issue-Next-3-forward-click-calibration-acceptance-report.md""]",internal,false,fully_read,2026-07-25,true,,critical,"[""当时记录的目标、非目标、设计意图、风险与计划验收条件""]","[""最终代码是否按计划实现"",""自动化或人工验收是否通过"",""是否已进入发布""]","[""Next-3""]",设计五个转发点击区域的原子校准、最小导航点击、默认回退和转发按钮校准期不点击的安全门。
SRC-032,[Next-4] TID V1.0：关键词规则支持 `any(...)` 分组表达式,docs/tid/next/Issue-Next-4-keyword-any-group-TID-V1.0.md,docs/tid/next/Issue-Next-4-keyword-any-group-TID-V1.0.md,tid,md,untracked,main,,,,2026-07-02T16:17:56.548Z,,unknown,5056c7360227e06f335f0038894890236a5da102965cd0841f0a71a879df21c8,19212,V1.0,,,"[""docs/Issue-Next-4-keyword-any-group-acceptance-report.md"",""docs/tid/next/Issue-Next-4-keyword-any-group-TID-V1.1.md""]",internal,false,fully_read,2026-07-25,true,,critical,"[""当时记录的目标、非目标、设计意图、风险与计划验收条件""]","[""最终代码是否按计划实现"",""自动化或人工验收是否通过"",""是否已进入发布""]","[""Next-4""]",设计 any(...) 作为独立原子参与外层逻辑，禁止展开为顶层 OR，并覆盖 parser/matcher 反例。 V1.0/V1.1 的修订或替代关系未见正文明确声明，本轮不建立 previous_version/next_version。
SRC-033,[Next-4] TID V1.1：关键词规则支持 `any(...)` 分组表达式,docs/tid/next/Issue-Next-4-keyword-any-group-TID-V1.1.md,docs/tid/next/Issue-Next-4-keyword-any-group-TID-V1.1.md,tid,md,untracked,main,,,,2026-07-02T16:26:02.210Z,,unknown,2bc014246abb07b04cbddf7ce193c8f8956edd48c67a19c585c053a06d797892,19986,V1.1,,,"[""docs/Issue-Next-4-keyword-any-group-acceptance-report.md"",""docs/tid/next/Issue-Next-4-keyword-any-group-TID-V1.0.md""]",internal,false,fully_read,2026-07-25,true,,critical,"[""当时记录的目标、非目标、设计意图、风险与计划验收条件""]","[""最终代码是否按计划实现"",""自动化或人工验收是否通过"",""是否已进入发布""]","[""Next-4""]",强化 any 原子不可展开、parser/matcher 必须同时可发布、重复项规范化拒绝和阻断验收反例。 V1.0/V1.1 的修订或替代关系未见正文明确声明，本轮不建立 previous_version/next_version。
SRC-034,[Next-5] TID V1.0：启动及批次刷新后自动应用「最近没看过」筛选并点击首位候选人,docs/tid/next/Issue-Next-5-batch-filter-first-candidate-TID-V1.0.md,docs/tid/next/Issue-Next-5-batch-filter-first-candidate-TID-V1.0.md,tid,md,untracked,main,,,,2026-07-03T00:06:01.879Z,,unknown,e3cff944e897b1020121d9a2e9b4058227e625bfbd617a5b052b415af6955367,29938,V1.0,,SRC-035,"[""docs/Issue-Next-5-batch-filter-first-candidate-acceptance-report.md"",""docs/tid/next/Issue-Next-5-batch-filter-first-candidate-TID-V1.1.md""]",internal,false,fully_read,2026-07-25,true,,critical,"[""当时记录的目标、非目标、设计意图、风险与计划验收条件""]","[""最终代码是否按计划实现"",""自动化或人工验收是否通过"",""是否已进入发布""]","[""Next-5""]",设计四区域筛选归位、启动与批次边界接入、原子回退以及运行中失败安全停止。
SRC-035,[Next-5] TID V1.1：启动及批次刷新后自动应用「最近没看过」筛选并点击首位候选人,docs/tid/next/Issue-Next-5-batch-filter-first-candidate-TID-V1.1.md,docs/tid/next/Issue-Next-5-batch-filter-first-candidate-TID-V1.1.md,tid,md,untracked,main,,,,2026-07-03T00:12:08.169Z,,unknown,01e23f736d981bbeee07f16dc4d6d3d1e2f8b9a81d7301a74182a2a7daff7abb,22756,V1.1,SRC-034,,"[""docs/Issue-Next-5-batch-filter-first-candidate-acceptance-report.md"",""docs/tid/next/Issue-Next-5-batch-filter-first-candidate-TID-V1.0.md""]",internal,false,fully_read,2026-07-25,true,,critical,"[""当时记录的目标、非目标、设计意图、风险与计划验收条件""]","[""最终代码是否按计划实现"",""自动化或人工验收是否通过"",""是否已进入发布""]","[""Next-5""]",明确基于 V1.0 修订，补充启动准备不计时、首次 apply 失败不可回退、UI 事实与四段式 Change。
SRC-036,[Next-6][P2] TID V1.0：优化鼠标移动轨迹——贝塞尔路径、途中抖动与慢-快-慢三段变速,docs/tid/next/Issue-Next-6-human-mouse-motion-TID-V1.0.md,docs/tid/next/Issue-Next-6-human-mouse-motion-TID-V1.0.md,tid,md,untracked,main,,,,2026-07-03T14:08:58.540Z,,unknown,96bde547398761f0e8ac4f3826601c8293602b9adfc32d4bcc6e60fdc26ac14b,20885,V1.0,,,"[""docs/Issue-Next-6-human-mouse-motion-acceptance-report.md""]",internal,false,fully_read,2026-07-25,true,,critical,"[""当时记录的目标、非目标、设计意图、风险与计划验收条件""]","[""最终代码是否按计划实现"",""自动化或人工验收是否通过"",""是否已进入发布""]","[""Next-6""]",设计贝塞尔路径、smoothstep 慢快慢、途中抖动、精确终点和 --simple-mouse 回退，强调仅用于可观察性。
SRC-037,windows-release.yml,.github/workflows/windows-release.yml,.github/workflows/windows-release.yml,github_actions,yml,tracked_current,main,f9978ca44835562d21365bc78c6cad8ff91b6c99,2026-07-01T13:57:53+08:00,2026-07-01T13:57:53+08:00,2026-07-01T13:42:42.868Z,,unknown,f0d31699662d0ef3df687807cf4d4dc9326480d71148d46941c5ce27fb6db71c,2231,,,,[],internal,false,fully_read,2026-07-25,true,,high,"[""当前构建、测试、打包与发布自动化步骤""]","[""某次远程运行实际成功"",""历史发布附件当前可下载""]","[""CI"",""release""]",定义 issue-* tag 触发的 Windows GitHub Actions：安装、测试、PyInstaller、安全冒烟、压缩、校验和 Release 创建。
SRC-038,build-windows.bat,build-windows.bat,build-windows.bat,build_script,bat,tracked_current,main,f9978ca44835562d21365bc78c6cad8ff91b6c99,2026-07-01T13:57:53+08:00,2026-07-01T13:57:53+08:00,2026-07-01T13:42:42.873Z,,unknown,0c9097624389b2998531ad8eeba446302c660bab37610466eea68e5a2b8ba63f,1149,,,,[],internal,false,fully_read,2026-07-25,true,,high,"[""当前构建、测试、打包与发布自动化步骤""]","[""某次远程运行实际成功"",""历史发布附件当前可下载""]","[""Windows"",""build"",""smoke""]",定义本地 Windows 构建链：安装依赖、全量 unittest、PyInstaller、安全冒烟、ZIP 和 SHA 查看。
SRC-039,-*- mode: python ; coding: utf-8 -*-,BossOCR.spec,BossOCR.spec,build_script,spec,tracked_current,main,90365ca33321d90ebd1f734bd6bd237ba8cb7c94,2026-07-01T13:57:53+08:00,2026-07-10T00:42:04+08:00,2026-07-07T14:27:42.230Z,,unknown,ed210ec28fdeb2b46f1fd61e8cd7e0537a8e5e27ccaaa6c7567d297ff602870b,1684,,,,[],internal,false,fully_read,2026-07-25,true,,high,"[""当前构建、测试、打包与发布自动化步骤""]","[""某次远程运行实际成功"",""历史发布附件当前可下载""]","[""PyInstaller"",""WindMouse"",""RapidOCR""]",定义 one-dir PyInstaller 收集 RapidOCR、WindMouse PyAutoGUI backend、metadata/许可证和 GUI 自动化依赖。
SRC-040,setup.bat,setup.bat,setup.bat,environment_setup_script,bat,tracked_current,main,6bcc49a8af61af58cca147b1fd8182e086223c93,2026-06-30T21:58:23+08:00,2026-07-01T08:30:27+08:00,2026-07-01T00:52:53.514Z,,unknown,564d256435246b3a29ce225030c0a1afab4f94881cebe8c6facca5595c83d476,1312,,,,[],internal,false,fully_read,2026-07-25,true,,medium,"[""该 environment_setup_script 资料直接记录的项目事实""]","[""未由该资料直接记录的动机、实现或发布事实""]","[""Windows"",""setup""]",已登记来源、定位、读取状态与可证明边界；正式需求抽取时需按主题与相邻材料交叉验证。
SRC-041,start.bat,start.bat,start.bat,run_script,bat,tracked_current,main,3d097695138076809a56b4094f898246cdf34f12,2026-06-30T21:58:23+08:00,2026-06-30T21:58:23+08:00,2026-06-30T15:41:29.558Z,,unknown,b9857872195a8b6d41abaf991931182b1b6ad3f8722fb72e57d82bc7922aa1ce,844,,,,[],internal,false,fully_read,2026-07-25,true,,medium,"[""该 run_script 资料直接记录的项目事实""]","[""未由该资料直接记录的动机、实现或发布事实""]","[""Windows"",""startup""]",已登记来源、定位、读取状态与可证明边界；正式需求抽取时需按主题与相邻材料交叉验证。
SRC-042,requirements.txt,requirements.txt,requirements.txt,dependency_manifest,txt,tracked_current,main,90365ca33321d90ebd1f734bd6bd237ba8cb7c94,2026-06-30T21:58:23+08:00,2026-07-10T00:42:04+08:00,2026-07-07T14:27:40.955Z,,unknown,f52be9773c952be5d70458139fb60a432fb95b3209fe3fb6bcf846d4a79425a9,129,,,,[],internal,false,fully_read,2026-07-25,true,,medium,"[""该版本声明的直接依赖与版本约束""]","[""依赖已成功安装"",""运行时实际加载版本"",""功能验收结果""]","[""dependencies"",""WindMouse""]",已登记来源、定位、读取状态与可证明边界；正式需求抽取时需按主题与相邻材料交叉验证。
SRC-043,Cross-platform RapidOCR dependencies. Use Python 3.10+ (3.11 x64 preferred).,requirements-ocr.txt,requirements-ocr.txt,dependency_manifest,txt,tracked_current,main,6bcc49a8af61af58cca147b1fd8182e086223c93,2026-07-01T08:30:27+08:00,2026-07-01T08:30:27+08:00,2026-07-01T00:52:53.513Z,,unknown,e514962ce682768cf3d755d4a0705ac3026dffb8d24b179e53284ca9d17d9220,123,,,,[],internal,false,fully_read,2026-07-25,true,,medium,"[""该版本声明的直接依赖与版本约束""]","[""依赖已成功安装"",""运行时实际加载版本"",""功能验收结果""]","[""RapidOCR"",""dependencies""]",已登记来源、定位、读取状态与可证明边界；正式需求抽取时需按主题与相邻材料交叉验证。
SRC-044,requirements-build.txt,requirements-build.txt,requirements-build.txt,dependency_manifest,txt,tracked_current,main,f9978ca44835562d21365bc78c6cad8ff91b6c99,2026-07-01T13:57:53+08:00,2026-07-01T13:57:53+08:00,2026-07-01T13:42:42.877Z,,unknown,b5aad196099f7780b84c9cf3037a85bc52282fa65d2ed965cdd7a8be6137dcdb,21,,,,[],internal,false,fully_read,2026-07-25,true,,low,"[""该版本声明的直接依赖与版本约束""]","[""依赖已成功安装"",""运行时实际加载版本"",""功能验收结果""]","[""PyInstaller""]",已登记来源、定位、读取状态与可证明边界；正式需求抽取时需按主题与相邻材料交叉验证。
SRC-045,BossOCR-Windows-x64.sha256.txt,release/BossOCR-Windows-x64.sha256.txt,release/BossOCR-Windows-x64.sha256.txt,release_artifact_manifest,txt,ignored,main,,,,2026-07-12T14:37:55.045Z,,unknown,14d172b40f133e4b1a7f3b39fb897c807063b9b297cf3ac5c14fce0d62b43527,91,,,,[],internal,false,fully_read,2026-07-25,true,,medium,"[""本地校验文件记录的摘要值和目标文件名""]","[""该摘要对应哪一个正式 Release"",""远程附件仍存在且内容一致""]","[""release"",""sha256""]",已登记来源、定位、读取状态与可证明边界；正式需求抽取时需按主题与相邻材料交叉验证。
SRC-046,-*- coding: utf-8 -*-,simple_brush.py,simple_brush.py,source_code,py,tracked_current,main,c36d6e7549e5098a4381861de40b271e718d5f20,2026-06-30T21:58:23+08:00,2026-07-12T22:38:48+08:00,2026-07-12T14:07:11.255Z,,unknown,b592dc22c477cabe4ddc4896169c79469a799278bf19e09983f6e106ccc70029,74339,,,,[],internal,false,partially_read,2026-07-25,true,,medium,"[""当前检出版本实际实现的控制流与数据结构""]","[""原始业务动机"",""历史首次提出时间"",""人工验收结果""]","[""main-loop"",""actions"",""automation""]",已登记来源、定位、读取状态与可证明边界；正式需求抽取时需按主题与相邻材料交叉验证。
SRC-047,mouse_motion.py,mouse_motion.py,mouse_motion.py,source_code,py,tracked_current,main,90365ca33321d90ebd1f734bd6bd237ba8cb7c94,2026-07-10T00:42:04+08:00,2026-07-10T00:42:04+08:00,2026-07-07T16:13:21.206Z,,unknown,2a4e28a6855bdb7d3c524f5e2c064bdcf1b655d670afe7a6b80924caf3ddab80,4130,,,,[],internal,false,partially_read,2026-07-25,true,,medium,"[""当前检出版本实际实现的控制流与数据结构""]","[""原始业务动机"",""历史首次提出时间"",""人工验收结果""]","[""WindMouse"",""bezier""]",已登记来源、定位、读取状态与可证明边界；正式需求抽取时需按主题与相邻材料交叉验证。
SRC-048,ocr_calibration.py,ocr_calibration.py,ocr_calibration.py,source_code,py,tracked_current,main,3a512ed3c65296d92eef55c6355312547a716b27,2026-06-30T23:04:29+08:00,2026-07-01T22:10:34+08:00,2026-07-01T14:09:10.646Z,,unknown,484a041fba90948597b66615691da63b82d942aa3c181a212ade96f6212be551,7505,,,,[],internal,false,partially_read,2026-07-25,true,,medium,"[""当前检出版本实际实现的控制流与数据结构""]","[""原始业务动机"",""历史首次提出时间"",""人工验收结果""]","[""calibration"",""DPI""]",已登记来源、定位、读取状态与可证明边界；正式需求抽取时需按主题与相邻材料交叉验证。
SRC-049,ocr_detector.py,ocr_detector.py,ocr_detector.py,source_code,py,tracked_current,main,55456bbb79a22dd0cd311782f6069e35d7d22f83,2026-06-30T23:04:29+08:00,2026-07-01T13:53:57+08:00,2026-07-01T13:42:42.874Z,,unknown,24de8f57e79b84f86229c0db3c4a799753a7ae6341971096b1c0b37bff40ad40,7353,,,,[],internal,false,partially_read,2026-07-25,true,,medium,"[""当前检出版本实际实现的控制流与数据结构""]","[""原始业务动机"",""历史首次提出时间"",""人工验收结果""]","[""OCR"",""scan"",""confirmation""]",已登记来源、定位、读取状态与可证明边界；正式需求抽取时需按主题与相邻材料交叉验证。
SRC-050,ocr_text.py,ocr_text.py,ocr_text.py,source_code,py,tracked_current,main,5115ede13cae59099a9cf306a18c42b22cf2fa6d,2026-06-30T23:04:29+08:00,2026-07-03T00:35:16+08:00,2026-07-02T16:34:34.920Z,,unknown,c7faed35eb1c0c9a0bc288c186dc9ca8b876919bae12bc5206385878efc24f7d,13428,,,,[],internal,false,partially_read,2026-07-25,true,,medium,"[""当前检出版本实际实现的控制流与数据结构""]","[""原始业务动机"",""历史首次提出时间"",""人工验收结果""]","[""keyword-rule"",""parser"",""matcher""]",已登记来源、定位、读取状态与可证明边界；正式需求抽取时需按主题与相邻材料交叉验证。
SRC-051,ocr_mac_demo.py,ocr_mac_demo.py,ocr_mac_demo.py,source_code,py,tracked_current,main,6bcc49a8af61af58cca147b1fd8182e086223c93,2026-06-30T23:04:29+08:00,2026-07-01T08:30:27+08:00,2026-07-01T00:52:53.511Z,,unknown,62ceaac727778a0626fdd9412a030682c973d3d329db83cb8062e65bbeb9b331,1923,,,,[],internal,false,partially_read,2026-07-25,true,,low,"[""当前检出版本实际实现的控制流与数据结构""]","[""原始业务动机"",""历史首次提出时间"",""人工验收结果""]","[""macOS"",""OCR"",""demo""]",已登记来源、定位、读取状态与可证明边界；正式需求抽取时需按主题与相邻材料交叉验证。
SRC-052,ocr_fixture_demo.py,ocr_fixture_demo.py,ocr_fixture_demo.py,source_code,py,tracked_current,main,012bfc418649f9eed7fbfcd89caa35ba2e13b165,2026-06-30T23:04:29+08:00,2026-06-30T23:04:29+08:00,2026-07-01T00:52:53.511Z,,unknown,47b7776b3e5d7521d31c78ebd8a97fbcb1a1c22e2f26575e4ee4e5db41935d77,2680,,,,[],internal,false,partially_read,2026-07-25,true,,low,"[""当前检出版本实际实现的控制流与数据结构""]","[""原始业务动机"",""历史首次提出时间"",""人工验收结果""]","[""OCR"",""fixture"",""demo""]",已登记来源、定位、读取状态与可证明边界；正式需求抽取时需按主题与相邻材料交叉验证。
SRC-053,calibration_profiles.py,calibration_profiles.py,calibration_profiles.py,source_code,py,tracked_current,main,c3840b8f6fbf50bf1f763c121b80199f2a3a7656,2026-07-10T08:53:17+08:00,2026-07-10T08:53:17+08:00,2026-07-10T00:15:43.835Z,,unknown,c972ccc8401ffdf0914b23b8b27bdb614e110dc5ca4087374a450e2f486a4294,11956,,,,"[""PRD-calibration-template-module.md"",""TID-calibration-template-module.md"",""docs/Issue-calibration-template-module-acceptance-report.md"",""docs/calibration-template-smoke-test.md""]",internal,false,partially_read,2026-07-25,true,,medium,"[""当前检出版本实际实现的控制流与数据结构""]","[""原始业务动机"",""历史首次提出时间"",""人工验收结果""]","[""calibration-profile"",""JSON""]",已登记来源、定位、读取状态与可证明边界；正式需求抽取时需按主题与相邻材料交叉验证。
SRC-054,calibration_steps.py,calibration_steps.py,calibration_steps.py,source_code,py,tracked_current,main,c3840b8f6fbf50bf1f763c121b80199f2a3a7656,2026-07-10T08:53:17+08:00,2026-07-10T08:53:17+08:00,2026-07-10T00:17:35.420Z,,unknown,e67130173e287ad45eb2ecc31f843d0d28a4d74c66477bfbf23cca963e5c10e3,6698,,,,"[""PRD-calibration-template-module.md"",""TID-calibration-template-module.md"",""docs/Issue-calibration-template-module-acceptance-report.md"",""docs/calibration-template-smoke-test.md""]",internal,false,partially_read,2026-07-25,true,,medium,"[""当前检出版本实际实现的控制流与数据结构""]","[""原始业务动机"",""历史首次提出时间"",""人工验收结果""]","[""calibration-profile"",""registry""]",已登记来源、定位、读取状态与可证明边界；正式需求抽取时需按主题与相邻材料交叉验证。
SRC-055,calibration_template.py,calibration_template.py,calibration_template.py,source_code,py,tracked_current,main,c36d6e7549e5098a4381861de40b271e718d5f20,2026-07-10T08:53:17+08:00,2026-07-12T22:38:48+08:00,2026-07-12T14:16:49.788Z,,unknown,619c6e507eecb518a8e3434027505bf52ae92597f19b41bf87ff4dc78d03d5e6,6790,,,,"[""PRD-calibration-template-module.md"",""TID-calibration-template-module.md"",""docs/Issue-calibration-template-module-acceptance-report.md"",""docs/calibration-template-smoke-test.md""]",internal,false,partially_read,2026-07-25,true,,medium,"[""当前检出版本实际实现的控制流与数据结构""]","[""原始业务动机"",""历史首次提出时间"",""人工验收结果""]","[""calibration-profile"",""entrypoint""]",已登记来源、定位、读取状态与可证明边界；正式需求抽取时需按主题与相邻材料交叉验证。
SRC-056,test_calibration_profiles.py,tests/test_calibration_profiles.py,tests/test_calibration_profiles.py,automated_test,py,tracked_current,main,c3840b8f6fbf50bf1f763c121b80199f2a3a7656,2026-07-10T08:53:17+08:00,2026-07-10T08:53:17+08:00,2026-07-10T00:44:54.360Z,,unknown,cef487a69ba4ee30292cfa3ee96e6db3b1e234965f65d1bb0fb2f4833010f212,11761,,,,"[""PRD-calibration-template-module.md"",""TID-calibration-template-module.md"",""docs/Issue-calibration-template-module-acceptance-report.md"",""docs/calibration-template-smoke-test.md""]",internal,false,partially_read,2026-07-25,true,,medium,"[""当前测试保护的行为契约与异常分支""]","[""真实 GUI、浏览器和邮件环境已通过"",""设计动机""]","[""calibration-profile"",""test""]",已登记来源、定位、读取状态与可证明边界；正式需求抽取时需按主题与相邻材料交叉验证。
SRC-057,test_calibration_steps.py,tests/test_calibration_steps.py,tests/test_calibration_steps.py,automated_test,py,tracked_current,main,c3840b8f6fbf50bf1f763c121b80199f2a3a7656,2026-07-10T08:53:17+08:00,2026-07-10T08:53:17+08:00,2026-07-10T00:18:02.097Z,,unknown,0652d46a9debd516cb75fed6e6dbb5de3e92ee0ea31d7ca102a86650c97a5adf,2196,,,,"[""PRD-calibration-template-module.md"",""TID-calibration-template-module.md"",""docs/Issue-calibration-template-module-acceptance-report.md"",""docs/calibration-template-smoke-test.md""]",internal,false,partially_read,2026-07-25,true,,medium,"[""当前测试保护的行为契约与异常分支""]","[""真实 GUI、浏览器和邮件环境已通过"",""设计动机""]","[""calibration-profile"",""test""]",已登记来源、定位、读取状态与可证明边界；正式需求抽取时需按主题与相邻材料交叉验证。
SRC-058,test_calibration_template.py,tests/test_calibration_template.py,tests/test_calibration_template.py,automated_test,py,tracked_current,main,c36d6e7549e5098a4381861de40b271e718d5f20,2026-07-10T08:53:17+08:00,2026-07-12T22:38:48+08:00,2026-07-12T14:17:06.574Z,,unknown,d83eda6a8d04807e475ce15537418d2c97b7496030bd5e0a77ad72deb5c6a49d,6646,,,,"[""PRD-calibration-template-module.md"",""TID-calibration-template-module.md"",""docs/Issue-calibration-template-module-acceptance-report.md"",""docs/calibration-template-smoke-test.md""]",internal,false,partially_read,2026-07-25,true,,medium,"[""当前测试保护的行为契约与异常分支""]","[""真实 GUI、浏览器和邮件环境已通过"",""设计动机""]","[""calibration-profile"",""test""]",已登记来源、定位、读取状态与可证明边界；正式需求抽取时需按主题与相邻材料交叉验证。
SRC-059,test_mouse_motion.py,tests/test_mouse_motion.py,tests/test_mouse_motion.py,automated_test,py,tracked_current,main,90365ca33321d90ebd1f734bd6bd237ba8cb7c94,2026-07-03T22:19:50+08:00,2026-07-10T00:42:04+08:00,2026-07-07T16:25:37.210Z,,unknown,2047ac6dc59344f3fc19416b91ea399268f1fe768f7dcfa7d038717e1fef935b,25178,,,,[],internal,false,partially_read,2026-07-25,true,,medium,"[""当前测试保护的行为契约与异常分支""]","[""真实 GUI、浏览器和邮件环境已通过"",""设计动机""]","[""mouse"",""WindMouse"",""test""]",已登记来源、定位、读取状态与可证明边界；正式需求抽取时需按主题与相邻材料交叉验证。
SRC-060,test_ocr_calibration.py,tests/test_ocr_calibration.py,tests/test_ocr_calibration.py,automated_test,py,tracked_current,main,3a512ed3c65296d92eef55c6355312547a716b27,2026-06-30T23:04:29+08:00,2026-07-01T22:10:34+08:00,2026-07-01T14:09:21.711Z,,unknown,868aec514a14bd90c256ed7684628d58b154a3e8e4ba8fe14c4a71cf2d61ee23,1883,,,,[],internal,false,partially_read,2026-07-25,true,,medium,"[""当前测试保护的行为契约与异常分支""]","[""真实 GUI、浏览器和邮件环境已通过"",""设计动机""]","[""OCR"",""calibration"",""test""]",已登记来源、定位、读取状态与可证明边界；正式需求抽取时需按主题与相邻材料交叉验证。
SRC-061,test_ocr_detector.py,tests/test_ocr_detector.py,tests/test_ocr_detector.py,automated_test,py,tracked_current,main,5115ede13cae59099a9cf306a18c42b22cf2fa6d,2026-06-30T23:04:29+08:00,2026-07-03T00:35:16+08:00,2026-07-02T16:34:34.922Z,,unknown,b9c2d76d6aaf1b4f15d0c0b12030f7680e9df358ee6ef665ea880354d250d12a,9878,,,,[],internal,false,partially_read,2026-07-25,true,,medium,"[""当前测试保护的行为契约与异常分支""]","[""真实 GUI、浏览器和邮件环境已通过"",""设计动机""]","[""OCR"",""detector"",""test""]",已登记来源、定位、读取状态与可证明边界；正式需求抽取时需按主题与相邻材料交叉验证。
SRC-062,test_ocr_text.py,tests/test_ocr_text.py,tests/test_ocr_text.py,automated_test,py,tracked_current,main,5115ede13cae59099a9cf306a18c42b22cf2fa6d,2026-06-30T23:04:29+08:00,2026-07-03T00:35:16+08:00,2026-07-02T16:34:34.921Z,,unknown,aa15ccc0186f50d8d8eca190f74b3ff7f2276450836955a886871cf9c9de927b,12950,,,,[],internal,false,partially_read,2026-07-25,true,,medium,"[""当前测试保护的行为契约与异常分支""]","[""真实 GUI、浏览器和邮件环境已通过"",""设计动机""]","[""keyword-rule"",""test""]",已登记来源、定位、读取状态与可证明边界；正式需求抽取时需按主题与相邻材料交叉验证。
SRC-063,test_simple_brush_ocr.py,tests/test_simple_brush_ocr.py,tests/test_simple_brush_ocr.py,automated_test,py,tracked_current,main,c36d6e7549e5098a4381861de40b271e718d5f20,2026-07-01T08:30:27+08:00,2026-07-12T22:38:48+08:00,2026-07-12T14:07:36.259Z,,unknown,104395b2ad02f3f6114e99db9299e5f0fdad2b504635f09c5486d619f58cda31,132660,,,,[],internal,false,partially_read,2026-07-25,true,,medium,"[""当前测试保护的行为契约与异常分支""]","[""真实 GUI、浏览器和邮件环境已通过"",""设计动机""]","[""main-loop"",""safety"",""test""]",已登记来源、定位、读取状态与可证明边界；正式需求抽取时需按主题与相邻材料交叉验证。
SRC-064,simple_brush.log,logs/simple_brush.log,logs/simple_brush.log,runtime_log,log,ignored,main,,,,2026-07-12T16:09:44.960Z,,unknown,22bec7e669cca4365ba0a9f1d80cf84355bec99e7d62e29905e11f2eb1985b7d,1811793,,,,[],restricted,true,partially_read,2026-07-25,true,,medium,"[""本地运行事件、错误模式与时序的抽象证据""]","[""无上下文情况下的业务因果"",""任何个人身份结论""]","[""runtime"",""diagnostics"",""privacy""]","仅做文件规模和结构性抽查（25,963 行、1,811,793 bytes），未复制候选人、邮箱或简历原文。"
SRC-065,RapidOCR Mac 阶段实施报告,,OCR_MAC_IMPLEMENTATION_REPORT.md,implementation_report,md,tracked_other_branch,origin/feature/rapidocr-mac,012bfc418649f9eed7fbfcd89caa35ba2e13b165,2026-06-30T23:04:29+08:00,2026-06-30T23:04:29+08:00,,2026-06-30,confirmed,feae2b7b558758e1f625d31a181259203d664741bb81fcae6fa61d12c17fb3a2,6655,,,,[],internal,false,fully_read,2026-07-25,true,,high,"[""报告所声称的实现范围、环境、测试结果和未完成边界""]","[""原始业务动机的完整讨论"",""未执行的实机验证结果"",""正式发布状态""]","[""macOS"",""RapidOCR"",""implementation""]",记录 macOS 分支 OCR 核心、13 项 mock 测试与依赖/Retina/真实模型尚未联调的边界。
SRC-066,BOSS 直聘自动刷简历工具,,README.md,readme,md,tracked_other_branch,origin/feature/rapidocr-mac,012bfc418649f9eed7fbfcd89caa35ba2e13b165,2026-06-30T21:58:23+08:00,2026-06-30T21:58:23+08:00,,,unknown,87e87a422191dbd7ccce57e864fc1952517bedb7271abd135cb0874048241c7e,4579,,,,[],internal,false,fully_read,2026-07-25,true,,high,"[""该版本面向用户声明的能力、用法、约束与支持平台""]","[""代码一定符合文档"",""功能首次提出时间"",""远程发布对象状态""]","[""macOS-branch"",""early-Windows"",""clipboard""]",macOS 分支上的早期 Windows 用户说明，仍描述剪贴板全文检测和未接通的 --no-forward，可作为旧行为快照。
SRC-067,Use Python 3.10+ for the Mac OCR development environment.,,requirements-ocr-mac.txt,dependency_manifest,txt,tracked_other_branch,origin/feature/rapidocr-mac,012bfc418649f9eed7fbfcd89caa35ba2e13b165,2026-06-30T23:04:29+08:00,2026-06-30T23:04:29+08:00,,,unknown,f3b963feb8c750d5534a5845159cd236c1ef2a620d0fc5c44f7c2e1bb9ebcb30,98,,,,[],internal,false,fully_read,2026-07-25,true,,low,"[""该版本声明的直接依赖与版本约束""]","[""依赖已成功安装"",""运行时实际加载版本"",""功能验收结果""]","[""macOS"",""RapidOCR"",""dependencies""]",已登记来源、定位、读取状态与可证明边界；正式需求抽取时需按主题与相邻材料交叉验证。
SRC-068,BOSS 直聘自动刷简历工具,,README.md,readme,md,deleted_historical,3d09769,3d097695138076809a56b4094f898246cdf34f12,2026-06-30T21:58:23+08:00,2026-06-30T21:58:23+08:00,,,unknown,87e87a422191dbd7ccce57e864fc1952517bedb7271abd135cb0874048241c7e,4579,,,,[],internal,false,fully_read,2026-07-25,true,,high,"[""该版本面向用户声明的能力、用法、约束与支持平台""]","[""代码一定符合文档"",""功能首次提出时间"",""远程发布对象状态""]","[""initial"",""Windows"",""clipboard"",""fixed-coordinates""]",初始提交 README，证明项目早期依赖 Windows Edge、剪贴板全文、固定坐标、右方向键和每 100 人刷新。
SRC-069,Git tag Boss,,,git_tag,git_ref,tracked_current,Boss,6bcc49a8af61af58cca147b1fd8182e086223c93,2026-07-01T08:30:27+08:00,2026-07-01T08:30:27+08:00,,,unknown,,,,,,[],internal,false,not_applicable,,true,,medium,"[""本地 Git 仓库中该 tag 名称及其指向的 commit""]","[""对应 GitHub Release 是否存在"",""远程 tag 是否仍一致""]","[""tag"",""Boss""]",已登记来源、定位、读取状态与可证明边界；正式需求抽取时需按主题与相邻材料交叉验证。
SRC-070,Git tag v1.0.0,,,git_tag,git_ref,tracked_current,v1.0.0,a69bb5c88b6e2df799263d3986f61963178d4b20,2026-07-01T08:52:53+08:00,2026-07-01T08:52:53+08:00,,,unknown,,,,,,[],internal,false,not_applicable,,true,,medium,"[""本地 Git 仓库中该 tag 名称及其指向的 commit""]","[""对应 GitHub Release 是否存在"",""远程 tag 是否仍一致""]","[""tag"",""v1.0.0""]",已登记来源、定位、读取状态与可证明边界；正式需求抽取时需按主题与相邻材料交叉验证。
SRC-071,Git tag issue-1-v1.0,,,git_tag,git_ref,tracked_current,issue-1-v1.0,f9978ca44835562d21365bc78c6cad8ff91b6c99,2026-07-01T13:57:53+08:00,2026-07-01T13:57:53+08:00,,,unknown,,,,,,[],internal,false,not_applicable,,true,,medium,"[""本地 Git 仓库中该 tag 名称及其指向的 commit""]","[""对应 GitHub Release 是否存在"",""远程 tag 是否仍一致""]","[""tag"",""issue-1-v1.0""]",已登记来源、定位、读取状态与可证明边界；正式需求抽取时需按主题与相邻材料交叉验证。
SRC-072,Git tag windows-stable-v1.0,,,git_tag,git_ref,tracked_current,windows-stable-v1.0,9b8c1f8751c10f913149e060160d68e945d6369a,2026-07-02T22:38:26+08:00,2026-07-02T22:38:26+08:00,,,unknown,,,,,,[],internal,false,not_applicable,,true,,medium,"[""本地 Git 仓库中该 tag 名称及其指向的 commit""]","[""对应 GitHub Release 是否存在"",""远程 tag 是否仍一致""]","[""tag"",""windows-stable-v1.0""]",已登记来源、定位、读取状态与可证明边界；正式需求抽取时需按主题与相邻材料交叉验证。
SRC-073,Git tag windows-stable-v1.1,,,git_tag,git_ref,tracked_current,windows-stable-v1.1,335dcf7017520ecf752f51b6a8a75319d479654d,2026-07-02T23:52:18+08:00,2026-07-02T23:52:18+08:00,,,unknown,,,,,,[],internal,false,not_applicable,,true,,medium,"[""本地 Git 仓库中该 tag 名称及其指向的 commit""]","[""对应 GitHub Release 是否存在"",""远程 tag 是否仍一致""]","[""tag"",""windows-stable-v1.1""]",已登记来源、定位、读取状态与可证明边界；正式需求抽取时需按主题与相邻材料交叉验证。
SRC-074,Git tag v1.1,,,git_tag,git_ref,tracked_current,v1.1,90365ca33321d90ebd1f734bd6bd237ba8cb7c94,2026-07-10T00:42:04+08:00,2026-07-10T00:42:04+08:00,,,unknown,,,,,,[],internal,false,not_applicable,,true,,medium,"[""本地 Git 仓库中该 tag 名称及其指向的 commit""]","[""对应 GitHub Release 是否存在"",""远程 tag 是否仍一致""]","[""tag"",""v1.1""]",已登记来源、定位、读取状态与可证明边界；正式需求抽取时需按主题与相邻材料交叉验证。
SRC-075,Git tag v1.2,,,git_tag,git_ref,tracked_current,v1.2,c36d6e7549e5098a4381861de40b271e718d5f20,2026-07-12T22:38:48+08:00,2026-07-12T22:38:48+08:00,,,unknown,,,,,,[],internal,false,not_applicable,,true,,medium,"[""本地 Git 仓库中该 tag 名称及其指向的 commit""]","[""对应 GitHub Release 是否存在"",""远程 tag 是否仍一致""]","[""tag"",""v1.2""]",已登记来源、定位、读取状态与可证明边界；正式需求抽取时需按主题与相邻材料交叉验证。
SRC-076,GitHub Issues（开放与关闭）,,,github_issue_collection,remote_api,github_only,origin,,,,,,unknown,,,,,,[],internal,false,inaccessible,,false,gh 已安装但当前账户令牌无效；直接 GitHub 访问同时因 127.0.0.1 代理连接失败而不可用，无法读取远程对象。,critical,[],"[""远程对象数量、状态、时间、讨论、附件和检查结论""]","[""GitHub"",""remote""]",已登记来源、定位、读取状态与可证明边界；正式需求抽取时需按主题与相邻材料交叉验证。
SRC-077,GitHub Pull Requests（merged 与 closed）,,,pull_request_collection,remote_api,github_only,origin,,,,,,unknown,,,,,,[],internal,false,inaccessible,,false,gh 已安装但当前账户令牌无效；直接 GitHub 访问同时因 127.0.0.1 代理连接失败而不可用，无法读取远程对象。,high,[],"[""远程对象数量、状态、时间、讨论、附件和检查结论""]","[""GitHub"",""remote""]",已登记来源、定位、读取状态与可证明边界；正式需求抽取时需按主题与相邻材料交叉验证。
SRC-078,GitHub Releases 与附件,,,github_release_collection,remote_api,github_only,origin,,,,,,unknown,,,,,,[],internal,false,inaccessible,,false,gh 已安装但当前账户令牌无效；直接 GitHub 访问同时因 127.0.0.1 代理连接失败而不可用，无法读取远程对象。,high,[],"[""远程对象数量、状态、时间、讨论、附件和检查结论""]","[""GitHub"",""remote""]",已登记来源、定位、读取状态与可证明边界；正式需求抽取时需按主题与相邻材料交叉验证。
SRC-079,GitHub Actions 与检查结果,,,github_actions_collection,remote_api,github_only,origin,,,,,,unknown,,,,,,[],internal,false,inaccessible,,false,gh 已安装但当前账户令牌无效；直接 GitHub 访问同时因 127.0.0.1 代理连接失败而不可用，无法读取远程对象。,high,[],"[""远程对象数量、状态、时间、讨论、附件和检查结论""]","[""GitHub"",""remote""]",已登记来源、定位、读取状态与可证明边界；正式需求抽取时需按主题与相邻材料交叉验证。
